"model","em","iteration","model_converged","model_runtime","model_name"
"BigSkate_2019","recdev_1","iteration_1","FALSE","MODEL DID NOT RUN","BigSkate_2019-em_recdev_1-iteration_1"
"BigSkate_2019","recdev_1","iteration_10","FALSE","MODEL DID NOT RUN","BigSkate_2019-em_recdev_1-iteration_10"
"BigSkate_2019","recdev_1","iteration_2","TRUE","11.3742082675298","BigSkate_2019-em_recdev_1-iteration_2"
"BigSkate_2019","recdev_1","iteration_3","FALSE","MODEL DID NOT RUN","BigSkate_2019-em_recdev_1-iteration_3"
"BigSkate_2019","recdev_1","iteration_4","TRUE","9.83702788352966","BigSkate_2019-em_recdev_1-iteration_4"
"BigSkate_2019","recdev_1","iteration_5","FALSE","MODEL DID NOT RUN","BigSkate_2019-em_recdev_1-iteration_5"
"BigSkate_2019","recdev_1","iteration_6","FALSE","MODEL DID NOT RUN","BigSkate_2019-em_recdev_1-iteration_6"
"BigSkate_2019","recdev_1","iteration_7","TRUE","10.0961215496063","BigSkate_2019-em_recdev_1-iteration_7"
"BigSkate_2019","recdev_1","iteration_8","FALSE","MODEL DID NOT RUN","BigSkate_2019-em_recdev_1-iteration_8"
"BigSkate_2019","recdev_1","iteration_9","FALSE","MODEL DID NOT RUN","BigSkate_2019-em_recdev_1-iteration_9"
"BigSkate_2019","recdev_2","iteration_1","FALSE","MODEL DID NOT RUN","BigSkate_2019-em_recdev_2-iteration_1"
"BigSkate_2019","recdev_2","iteration_10","FALSE","MODEL DID NOT RUN","BigSkate_2019-em_recdev_2-iteration_10"
"BigSkate_2019","recdev_2","iteration_2","TRUE","10.998700817426","BigSkate_2019-em_recdev_2-iteration_2"
"BigSkate_2019","recdev_2","iteration_3","FALSE","MODEL DID NOT RUN","BigSkate_2019-em_recdev_2-iteration_3"
"BigSkate_2019","recdev_2","iteration_4","TRUE","7.37543700138728","BigSkate_2019-em_recdev_2-iteration_4"
"BigSkate_2019","recdev_2","iteration_5","FALSE","MODEL DID NOT RUN","BigSkate_2019-em_recdev_2-iteration_5"
"BigSkate_2019","recdev_2","iteration_6","FALSE","MODEL DID NOT RUN","BigSkate_2019-em_recdev_2-iteration_6"
"BigSkate_2019","recdev_2","iteration_7","TRUE","9.85216406583786","BigSkate_2019-em_recdev_2-iteration_7"
"BigSkate_2019","recdev_2","iteration_8","FALSE","MODEL DID NOT RUN","BigSkate_2019-em_recdev_2-iteration_8"
"BigSkate_2019","recdev_2","iteration_9","FALSE","MODEL DID NOT RUN","BigSkate_2019-em_recdev_2-iteration_9"
"BigSkate_2019","recdev_3","iteration_1","FALSE","MODEL DID NOT RUN","BigSkate_2019-em_recdev_3-iteration_1"
"BigSkate_2019","recdev_3","iteration_10","FALSE","MODEL DID NOT RUN","BigSkate_2019-em_recdev_3-iteration_10"
"BigSkate_2019","recdev_3","iteration_2","TRUE","11.2830112338066","BigSkate_2019-em_recdev_3-iteration_2"
"BigSkate_2019","recdev_3","iteration_3","FALSE","MODEL DID NOT RUN","BigSkate_2019-em_recdev_3-iteration_3"
"BigSkate_2019","recdev_3","iteration_4","TRUE","9.81777379910151","BigSkate_2019-em_recdev_3-iteration_4"
"BigSkate_2019","recdev_3","iteration_5","FALSE","MODEL DID NOT RUN","BigSkate_2019-em_recdev_3-iteration_5"
"BigSkate_2019","recdev_3","iteration_6","FALSE","MODEL DID NOT RUN","BigSkate_2019-em_recdev_3-iteration_6"
"BigSkate_2019","recdev_3","iteration_7","TRUE","9.83127333323161","BigSkate_2019-em_recdev_3-iteration_7"
"BigSkate_2019","recdev_3","iteration_8","FALSE","MODEL DID NOT RUN","BigSkate_2019-em_recdev_3-iteration_8"
"BigSkate_2019","recdev_3","iteration_9","FALSE","MODEL DID NOT RUN","BigSkate_2019-em_recdev_3-iteration_9"
"Empirical_Wtatage_Age_Selex","recdev_1","iteration_1","TRUE","3.91461129983266","Empirical_Wtatage_Age_Selex-em_recdev_1-iteration_1"
"Empirical_Wtatage_Age_Selex","recdev_1","iteration_10","TRUE","1.70219455162684","Empirical_Wtatage_Age_Selex-em_recdev_1-iteration_10"
"Empirical_Wtatage_Age_Selex","recdev_1","iteration_2","TRUE","3.80300133228302","Empirical_Wtatage_Age_Selex-em_recdev_1-iteration_2"
"Empirical_Wtatage_Age_Selex","recdev_1","iteration_3","TRUE","1.876458132267","Empirical_Wtatage_Age_Selex-em_recdev_1-iteration_3"
"Empirical_Wtatage_Age_Selex","recdev_1","iteration_4","TRUE","2.23487278223038","Empirical_Wtatage_Age_Selex-em_recdev_1-iteration_4"
"Empirical_Wtatage_Age_Selex","recdev_1","iteration_5","TRUE","2.39945988257726","Empirical_Wtatage_Age_Selex-em_recdev_1-iteration_5"
"Empirical_Wtatage_Age_Selex","recdev_1","iteration_6","TRUE","1.86711736520131","Empirical_Wtatage_Age_Selex-em_recdev_1-iteration_6"
"Empirical_Wtatage_Age_Selex","recdev_1","iteration_7","TRUE","2.45123341480891","Empirical_Wtatage_Age_Selex-em_recdev_1-iteration_7"
"Empirical_Wtatage_Age_Selex","recdev_1","iteration_8","TRUE","2.35421443382899","Empirical_Wtatage_Age_Selex-em_recdev_1-iteration_8"
"Empirical_Wtatage_Age_Selex","recdev_1","iteration_9","TRUE","1.87101101875305","Empirical_Wtatage_Age_Selex-em_recdev_1-iteration_9"
"Empirical_Wtatage_Age_Selex","recdev_2","iteration_1","TRUE","3.89820464849472","Empirical_Wtatage_Age_Selex-em_recdev_2-iteration_1"
"Empirical_Wtatage_Age_Selex","recdev_2","iteration_10","TRUE","1.76691841681798","Empirical_Wtatage_Age_Selex-em_recdev_2-iteration_10"
"Empirical_Wtatage_Age_Selex","recdev_2","iteration_2","TRUE","2.47355356613795","Empirical_Wtatage_Age_Selex-em_recdev_2-iteration_2"
"Empirical_Wtatage_Age_Selex","recdev_2","iteration_3","TRUE","2.4908607840538","Empirical_Wtatage_Age_Selex-em_recdev_2-iteration_3"
"Empirical_Wtatage_Age_Selex","recdev_2","iteration_4","TRUE","2.30175843238831","Empirical_Wtatage_Age_Selex-em_recdev_2-iteration_4"
"Empirical_Wtatage_Age_Selex","recdev_2","iteration_5","TRUE","1.81792678435644","Empirical_Wtatage_Age_Selex-em_recdev_2-iteration_5"
"Empirical_Wtatage_Age_Selex","recdev_2","iteration_6","TRUE","2.51282756725947","Empirical_Wtatage_Age_Selex-em_recdev_2-iteration_6"
"Empirical_Wtatage_Age_Selex","recdev_2","iteration_7","TRUE","2.2667253335317","Empirical_Wtatage_Age_Selex-em_recdev_2-iteration_7"
"Empirical_Wtatage_Age_Selex","recdev_2","iteration_8","TRUE","1.66317348480225","Empirical_Wtatage_Age_Selex-em_recdev_2-iteration_8"
"Empirical_Wtatage_Age_Selex","recdev_2","iteration_9","TRUE","2.50239616632462","Empirical_Wtatage_Age_Selex-em_recdev_2-iteration_9"
"Empirical_Wtatage_Age_Selex","recdev_3","iteration_1","TRUE","3.15444473028183","Empirical_Wtatage_Age_Selex-em_recdev_3-iteration_1"
"Empirical_Wtatage_Age_Selex","recdev_3","iteration_10","TRUE","1.60303808053335","Empirical_Wtatage_Age_Selex-em_recdev_3-iteration_10"
"Empirical_Wtatage_Age_Selex","recdev_3","iteration_2","TRUE","3.91618440151215","Empirical_Wtatage_Age_Selex-em_recdev_3-iteration_2"
"Empirical_Wtatage_Age_Selex","recdev_3","iteration_3","TRUE","1.89636961619059","Empirical_Wtatage_Age_Selex-em_recdev_3-iteration_3"
"Empirical_Wtatage_Age_Selex","recdev_3","iteration_4","TRUE","2.50380589962006","Empirical_Wtatage_Age_Selex-em_recdev_3-iteration_4"
"Empirical_Wtatage_Age_Selex","recdev_3","iteration_5","TRUE","2.38447215159734","Empirical_Wtatage_Age_Selex-em_recdev_3-iteration_5"
"Empirical_Wtatage_Age_Selex","recdev_3","iteration_6","TRUE","1.75543449719747","Empirical_Wtatage_Age_Selex-em_recdev_3-iteration_6"
"Empirical_Wtatage_Age_Selex","recdev_3","iteration_7","TRUE","2.37478048404058","Empirical_Wtatage_Age_Selex-em_recdev_3-iteration_7"
"Empirical_Wtatage_Age_Selex","recdev_3","iteration_8","TRUE","2.48807820081711","Empirical_Wtatage_Age_Selex-em_recdev_3-iteration_8"
"Empirical_Wtatage_Age_Selex","recdev_3","iteration_9","TRUE","1.81281674702962","Empirical_Wtatage_Age_Selex-em_recdev_3-iteration_9"
"growth_timevary","recdev_1","iteration_1","TRUE","4.42294894854228","growth_timevary-em_recdev_1-iteration_1"
"growth_timevary","recdev_1","iteration_10","FALSE","0.733605500062307","growth_timevary-em_recdev_1-iteration_10"
"growth_timevary","recdev_1","iteration_2","TRUE","2.03600140015284","growth_timevary-em_recdev_1-iteration_2"
"growth_timevary","recdev_1","iteration_3","TRUE","2.87826670010885","growth_timevary-em_recdev_1-iteration_3"
"growth_timevary","recdev_1","iteration_4","TRUE","1.90251630147298","growth_timevary-em_recdev_1-iteration_4"
"growth_timevary","recdev_1","iteration_5","TRUE","1.58263923327128","growth_timevary-em_recdev_1-iteration_5"
"growth_timevary","recdev_1","iteration_6","FALSE","1.2464614311854","growth_timevary-em_recdev_1-iteration_6"
"growth_timevary","recdev_1","iteration_7","TRUE","3.78883600234985","growth_timevary-em_recdev_1-iteration_7"
"growth_timevary","recdev_1","iteration_8","TRUE","2.17291016976039","growth_timevary-em_recdev_1-iteration_8"
"growth_timevary","recdev_1","iteration_9","FALSE","0.750036382675171","growth_timevary-em_recdev_1-iteration_9"
"growth_timevary","recdev_2","iteration_1","TRUE","4.41908931732178","growth_timevary-em_recdev_2-iteration_1"
"growth_timevary","recdev_2","iteration_10","FALSE","1.01792261600494","growth_timevary-em_recdev_2-iteration_10"
"growth_timevary","recdev_2","iteration_2","TRUE","3.16175183455149","growth_timevary-em_recdev_2-iteration_2"
"growth_timevary","recdev_2","iteration_3","TRUE","2.12470124959946","growth_timevary-em_recdev_2-iteration_3"
"growth_timevary","recdev_2","iteration_4","TRUE","2.03545315265656","growth_timevary-em_recdev_2-iteration_4"
"growth_timevary","recdev_2","iteration_5","TRUE","2.21220261653264","growth_timevary-em_recdev_2-iteration_5"
"growth_timevary","recdev_2","iteration_6","FALSE","0.911353496710459","growth_timevary-em_recdev_2-iteration_6"
"growth_timevary","recdev_2","iteration_7","TRUE","3.88356288274129","growth_timevary-em_recdev_2-iteration_7"
"growth_timevary","recdev_2","iteration_8","TRUE","2.51746078332265","growth_timevary-em_recdev_2-iteration_8"
"growth_timevary","recdev_2","iteration_9","FALSE","0.547201081116994","growth_timevary-em_recdev_2-iteration_9"
"growth_timevary","recdev_3","iteration_1","TRUE","4.43575491905212","growth_timevary-em_recdev_3-iteration_1"
"growth_timevary","recdev_3","iteration_10","FALSE","0.80233515103658","growth_timevary-em_recdev_3-iteration_10"
"growth_timevary","recdev_3","iteration_2","FALSE","0.632924485206604","growth_timevary-em_recdev_3-iteration_2"
"growth_timevary","recdev_3","iteration_3","TRUE","3.04008101622264","growth_timevary-em_recdev_3-iteration_3"
"growth_timevary","recdev_3","iteration_4","TRUE","1.84798460006714","growth_timevary-em_recdev_3-iteration_4"
"growth_timevary","recdev_3","iteration_5","TRUE","1.55519116719564","growth_timevary-em_recdev_3-iteration_5"
"growth_timevary","recdev_3","iteration_6","TRUE","2.39850431680679","growth_timevary-em_recdev_3-iteration_6"
"growth_timevary","recdev_3","iteration_7","TRUE","3.16050466696421","growth_timevary-em_recdev_3-iteration_7"
"growth_timevary","recdev_3","iteration_8","TRUE","1.99359245300293","growth_timevary-em_recdev_3-iteration_8"
"growth_timevary","recdev_3","iteration_9","TRUE","2.13312113285065","growth_timevary-em_recdev_3-iteration_9"
"Hake_2018","recdev_1","iteration_1","FALSE","1.282386469841","Hake_2018-em_recdev_1-iteration_1"
"Hake_2018","recdev_1","iteration_10","FALSE","1.10159310102463","Hake_2018-em_recdev_1-iteration_10"
"Hake_2018","recdev_1","iteration_2","FALSE","1.14354970057805","Hake_2018-em_recdev_1-iteration_2"
"Hake_2018","recdev_1","iteration_3","FALSE","1.18953356742859","Hake_2018-em_recdev_1-iteration_3"
"Hake_2018","recdev_1","iteration_4","FALSE","1.05651891628901","Hake_2018-em_recdev_1-iteration_4"
"Hake_2018","recdev_1","iteration_5","FALSE","1.32937815189362","Hake_2018-em_recdev_1-iteration_5"
"Hake_2018","recdev_1","iteration_6","FALSE","1.08694488604863","Hake_2018-em_recdev_1-iteration_6"
"Hake_2018","recdev_1","iteration_7","FALSE","1.19670471747716","Hake_2018-em_recdev_1-iteration_7"
"Hake_2018","recdev_1","iteration_8","FALSE","1.22749038537343","Hake_2018-em_recdev_1-iteration_8"
"Hake_2018","recdev_1","iteration_9","FALSE","1.16231736739477","Hake_2018-em_recdev_1-iteration_9"
"Hake_2018","recdev_2","iteration_1","FALSE","1.19004943370819","Hake_2018-em_recdev_2-iteration_1"
"Hake_2018","recdev_2","iteration_10","FALSE","1.19715938568115","Hake_2018-em_recdev_2-iteration_10"
"Hake_2018","recdev_2","iteration_2","FALSE","1.14393700361252","Hake_2018-em_recdev_2-iteration_2"
"Hake_2018","recdev_2","iteration_3","FALSE","1.05915763378143","Hake_2018-em_recdev_2-iteration_3"
"Hake_2018","recdev_2","iteration_4","FALSE","1.24559388160706","Hake_2018-em_recdev_2-iteration_4"
"Hake_2018","recdev_2","iteration_5","FALSE","1.156374335289","Hake_2018-em_recdev_2-iteration_5"
"Hake_2018","recdev_2","iteration_6","FALSE","1.21332533359528","Hake_2018-em_recdev_2-iteration_6"
"Hake_2018","recdev_2","iteration_7","FALSE","1.08598768313726","Hake_2018-em_recdev_2-iteration_7"
"Hake_2018","recdev_2","iteration_8","FALSE","1.15335476795832","Hake_2018-em_recdev_2-iteration_8"
"Hake_2018","recdev_2","iteration_9","FALSE","1.25667178233465","Hake_2018-em_recdev_2-iteration_9"
"Hake_2018","recdev_3","iteration_1","FALSE","1.1747278491656","Hake_2018-em_recdev_3-iteration_1"
"Hake_2018","recdev_3","iteration_10","FALSE","1.22727549870809","Hake_2018-em_recdev_3-iteration_10"
"Hake_2018","recdev_3","iteration_2","FALSE","1.13086589972178","Hake_2018-em_recdev_3-iteration_2"
"Hake_2018","recdev_3","iteration_3","FALSE","1.07745626767476","Hake_2018-em_recdev_3-iteration_3"
"Hake_2018","recdev_3","iteration_4","FALSE","1.08456193208694","Hake_2018-em_recdev_3-iteration_4"
"Hake_2018","recdev_3","iteration_5","FALSE","1.17752856810888","Hake_2018-em_recdev_3-iteration_5"
"Hake_2018","recdev_3","iteration_6","FALSE","1.09046811660131","Hake_2018-em_recdev_3-iteration_6"
"Hake_2018","recdev_3","iteration_7","FALSE","1.246783999602","Hake_2018-em_recdev_3-iteration_7"
"Hake_2018","recdev_3","iteration_8","FALSE","1.10911790132523","Hake_2018-em_recdev_3-iteration_8"
"Hake_2018","recdev_3","iteration_9","FALSE","1.14184925158819","Hake_2018-em_recdev_3-iteration_9"
"Hake_2019_semi-parametric_selex","recdev_1","iteration_1","FALSE","1.19306090275447","Hake_2019_semi-parametric_selex-em_recdev_1-iteration_1"
"Hake_2019_semi-parametric_selex","recdev_1","iteration_10","FALSE","1.3650222659111","Hake_2019_semi-parametric_selex-em_recdev_1-iteration_10"
"Hake_2019_semi-parametric_selex","recdev_1","iteration_2","FALSE","1.1904998143514","Hake_2019_semi-parametric_selex-em_recdev_1-iteration_2"
"Hake_2019_semi-parametric_selex","recdev_1","iteration_3","FALSE","1.19650095303853","Hake_2019_semi-parametric_selex-em_recdev_1-iteration_3"
"Hake_2019_semi-parametric_selex","recdev_1","iteration_4","FALSE","1.10967338085175","Hake_2019_semi-parametric_selex-em_recdev_1-iteration_4"
"Hake_2019_semi-parametric_selex","recdev_1","iteration_5","FALSE","1.20235956509908","Hake_2019_semi-parametric_selex-em_recdev_1-iteration_5"
"Hake_2019_semi-parametric_selex","recdev_1","iteration_6","FALSE","1.3349670012792","Hake_2019_semi-parametric_selex-em_recdev_1-iteration_6"
"Hake_2019_semi-parametric_selex","recdev_1","iteration_7","FALSE","1.27443636655807","Hake_2019_semi-parametric_selex-em_recdev_1-iteration_7"
"Hake_2019_semi-parametric_selex","recdev_1","iteration_8","FALSE","1.22757736444473","Hake_2019_semi-parametric_selex-em_recdev_1-iteration_8"
"Hake_2019_semi-parametric_selex","recdev_1","iteration_9","FALSE","1.40640174945196","Hake_2019_semi-parametric_selex-em_recdev_1-iteration_9"
"Hake_2019_semi-parametric_selex","recdev_2","iteration_1","FALSE","1.13190540075302","Hake_2019_semi-parametric_selex-em_recdev_2-iteration_1"
"Hake_2019_semi-parametric_selex","recdev_2","iteration_10","FALSE","1.32262130180995","Hake_2019_semi-parametric_selex-em_recdev_2-iteration_10"
"Hake_2019_semi-parametric_selex","recdev_2","iteration_2","FALSE","1.34471048514048","Hake_2019_semi-parametric_selex-em_recdev_2-iteration_2"
"Hake_2019_semi-parametric_selex","recdev_2","iteration_3","FALSE","1.04065611759822","Hake_2019_semi-parametric_selex-em_recdev_2-iteration_3"
"Hake_2019_semi-parametric_selex","recdev_2","iteration_4","FALSE","1.21175715128581","Hake_2019_semi-parametric_selex-em_recdev_2-iteration_4"
"Hake_2019_semi-parametric_selex","recdev_2","iteration_5","FALSE","1.1894680817922","Hake_2019_semi-parametric_selex-em_recdev_2-iteration_5"
"Hake_2019_semi-parametric_selex","recdev_2","iteration_6","FALSE","1.14188371896744","Hake_2019_semi-parametric_selex-em_recdev_2-iteration_6"
"Hake_2019_semi-parametric_selex","recdev_2","iteration_7","FALSE","1.19459023475647","Hake_2019_semi-parametric_selex-em_recdev_2-iteration_7"
"Hake_2019_semi-parametric_selex","recdev_2","iteration_8","FALSE","1.27758136590322","Hake_2019_semi-parametric_selex-em_recdev_2-iteration_8"
"Hake_2019_semi-parametric_selex","recdev_2","iteration_9","FALSE","1.11846524874369","Hake_2019_semi-parametric_selex-em_recdev_2-iteration_9"
"Hake_2019_semi-parametric_selex","recdev_3","iteration_1","FALSE","1.29071386655172","Hake_2019_semi-parametric_selex-em_recdev_3-iteration_1"
"Hake_2019_semi-parametric_selex","recdev_3","iteration_10","FALSE","1.28565483093262","Hake_2019_semi-parametric_selex-em_recdev_3-iteration_10"
"Hake_2019_semi-parametric_selex","recdev_3","iteration_2","FALSE","1.00866860151291","Hake_2019_semi-parametric_selex-em_recdev_3-iteration_2"
"Hake_2019_semi-parametric_selex","recdev_3","iteration_3","FALSE","1.28514784971873","Hake_2019_semi-parametric_selex-em_recdev_3-iteration_3"
"Hake_2019_semi-parametric_selex","recdev_3","iteration_4","FALSE","1.17808905045191","Hake_2019_semi-parametric_selex-em_recdev_3-iteration_4"
"Hake_2019_semi-parametric_selex","recdev_3","iteration_5","FALSE","1.10121598243713","Hake_2019_semi-parametric_selex-em_recdev_3-iteration_5"
"Hake_2019_semi-parametric_selex","recdev_3","iteration_6","FALSE","1.2287167986234","Hake_2019_semi-parametric_selex-em_recdev_3-iteration_6"
"Hake_2019_semi-parametric_selex","recdev_3","iteration_7","FALSE","1.20651956796646","Hake_2019_semi-parametric_selex-em_recdev_3-iteration_7"
"Hake_2019_semi-parametric_selex","recdev_3","iteration_8","FALSE","1.14963428179423","Hake_2019_semi-parametric_selex-em_recdev_3-iteration_8"
"Hake_2019_semi-parametric_selex","recdev_3","iteration_9","FALSE","1.27648796637853","Hake_2019_semi-parametric_selex-em_recdev_3-iteration_9"
"platoons","recdev_1","iteration_1","TRUE","6.97634004751841","platoons-em_recdev_1-iteration_1"
"platoons","recdev_1","iteration_10","TRUE","7.11550336678823","platoons-em_recdev_1-iteration_10"
"platoons","recdev_1","iteration_2","TRUE","5.6093265692393","platoons-em_recdev_1-iteration_2"
"platoons","recdev_1","iteration_3","TRUE","4.71661665042241","platoons-em_recdev_1-iteration_3"
"platoons","recdev_1","iteration_4","TRUE","6.91781808535258","platoons-em_recdev_1-iteration_4"
"platoons","recdev_1","iteration_5","TRUE","4.53399026791255","platoons-em_recdev_1-iteration_5"
"platoons","recdev_1","iteration_6","TRUE","4.57958936691284","platoons-em_recdev_1-iteration_6"
"platoons","recdev_1","iteration_7","TRUE","7.14380766948064","platoons-em_recdev_1-iteration_7"
"platoons","recdev_1","iteration_8","TRUE","4.70747089783351","platoons-em_recdev_1-iteration_8"
"platoons","recdev_1","iteration_9","TRUE","4.47044858535131","platoons-em_recdev_1-iteration_9"
"platoons","recdev_2","iteration_1","TRUE","7.98120745023092","platoons-em_recdev_2-iteration_1"
"platoons","recdev_2","iteration_10","TRUE","4.67038111686707","platoons-em_recdev_2-iteration_10"
"platoons","recdev_2","iteration_2","TRUE","5.51852071285248","platoons-em_recdev_2-iteration_2"
"platoons","recdev_2","iteration_3","TRUE","6.75668391784032","platoons-em_recdev_2-iteration_3"
"platoons","recdev_2","iteration_4","TRUE","4.41728971799215","platoons-em_recdev_2-iteration_4"
"platoons","recdev_2","iteration_5","TRUE","6.78100658257802","platoons-em_recdev_2-iteration_5"
"platoons","recdev_2","iteration_6","TRUE","4.63109374841054","platoons-em_recdev_2-iteration_6"
"platoons","recdev_2","iteration_7","TRUE","4.66558539867401","platoons-em_recdev_2-iteration_7"
"platoons","recdev_2","iteration_8","TRUE","6.46155488491058","platoons-em_recdev_2-iteration_8"
"platoons","recdev_2","iteration_9","TRUE","4.50040874878565","platoons-em_recdev_2-iteration_9"
"platoons","recdev_3","iteration_1","TRUE","5.55933891534805","platoons-em_recdev_3-iteration_1"
"platoons","recdev_3","iteration_10","TRUE","7.30285185178121","platoons-em_recdev_3-iteration_10"
"platoons","recdev_3","iteration_2","TRUE","5.63076936801275","platoons-em_recdev_3-iteration_2"
"platoons","recdev_3","iteration_3","TRUE","4.83727895021439","platoons-em_recdev_3-iteration_3"
"platoons","recdev_3","iteration_4","TRUE","6.52290683190028","platoons-em_recdev_3-iteration_4"
"platoons","recdev_3","iteration_5","TRUE","4.61762986580531","platoons-em_recdev_3-iteration_5"
"platoons","recdev_3","iteration_6","TRUE","4.43618675072988","platoons-em_recdev_3-iteration_6"
"platoons","recdev_3","iteration_7","TRUE","6.96769859790802","platoons-em_recdev_3-iteration_7"
"platoons","recdev_3","iteration_8","TRUE","4.70070145130157","platoons-em_recdev_3-iteration_8"
"platoons","recdev_3","iteration_9","TRUE","4.51233790318171","platoons-em_recdev_3-iteration_9"
"Sablefish2015","recdev_1","iteration_1","TRUE","50.0783147335053","Sablefish2015-em_recdev_1-iteration_1"
"Sablefish2015","recdev_1","iteration_10","TRUE","31.279308684667","Sablefish2015-em_recdev_1-iteration_10"
"Sablefish2015","recdev_1","iteration_2","TRUE","30.4255865653356","Sablefish2015-em_recdev_1-iteration_2"
"Sablefish2015","recdev_1","iteration_3","TRUE","27.440062268575","Sablefish2015-em_recdev_1-iteration_3"
"Sablefish2015","recdev_1","iteration_4","FALSE","20.5113293528557","Sablefish2015-em_recdev_1-iteration_4"
"Sablefish2015","recdev_1","iteration_5","TRUE","27.8314571817716","Sablefish2015-em_recdev_1-iteration_5"
"Sablefish2015","recdev_1","iteration_6","TRUE","56.679080983003","Sablefish2015-em_recdev_1-iteration_6"
"Sablefish2015","recdev_1","iteration_7","FALSE","30.8715170820554","Sablefish2015-em_recdev_1-iteration_7"
"Sablefish2015","recdev_1","iteration_8","TRUE","29.2882140000661","Sablefish2015-em_recdev_1-iteration_8"
"Sablefish2015","recdev_1","iteration_9","TRUE","27.4447227835655","Sablefish2015-em_recdev_1-iteration_9"
"Sablefish2015","recdev_2","iteration_1","TRUE","30.7042003671328","Sablefish2015-em_recdev_2-iteration_1"
"Sablefish2015","recdev_2","iteration_10","TRUE","28.8569326162338","Sablefish2015-em_recdev_2-iteration_10"
"Sablefish2015","recdev_2","iteration_2","TRUE","49.7948344985644","Sablefish2015-em_recdev_2-iteration_2"
"Sablefish2015","recdev_2","iteration_3","TRUE","28.8386022170385","Sablefish2015-em_recdev_2-iteration_3"
"Sablefish2015","recdev_2","iteration_4","TRUE","45.1716614166896","Sablefish2015-em_recdev_2-iteration_4"
"Sablefish2015","recdev_2","iteration_5","TRUE","28.2993535836538","Sablefish2015-em_recdev_2-iteration_5"
"Sablefish2015","recdev_2","iteration_6","FALSE","18.4833481987317","Sablefish2015-em_recdev_2-iteration_6"
"Sablefish2015","recdev_2","iteration_7","FALSE","51.8159508864085","Sablefish2015-em_recdev_2-iteration_7"
"Sablefish2015","recdev_2","iteration_8","FALSE","12.464505314827","Sablefish2015-em_recdev_2-iteration_8"
"Sablefish2015","recdev_2","iteration_9","TRUE","27.8848530809085","Sablefish2015-em_recdev_2-iteration_9"
"Sablefish2015","recdev_3","iteration_1","TRUE","30.8244126001994","Sablefish2015-em_recdev_3-iteration_1"
"Sablefish2015","recdev_3","iteration_10","TRUE","29.8782533009847","Sablefish2015-em_recdev_3-iteration_10"
"Sablefish2015","recdev_3","iteration_2","TRUE","29.5390361825625","Sablefish2015-em_recdev_3-iteration_2"
"Sablefish2015","recdev_3","iteration_3","TRUE","43.9107617974281","Sablefish2015-em_recdev_3-iteration_3"
"Sablefish2015","recdev_3","iteration_4","TRUE","46.8803636153539","Sablefish2015-em_recdev_3-iteration_4"
"Sablefish2015","recdev_3","iteration_5","TRUE","27.6647751530011","Sablefish2015-em_recdev_3-iteration_5"
"Sablefish2015","recdev_3","iteration_6","FALSE","33.4563522656759","Sablefish2015-em_recdev_3-iteration_6"
"Sablefish2015","recdev_3","iteration_7","FALSE","39.184426565965","Sablefish2015-em_recdev_3-iteration_7"
"Sablefish2015","recdev_3","iteration_8","FALSE","13.4949073155721","Sablefish2015-em_recdev_3-iteration_8"
"Sablefish2015","recdev_3","iteration_9","TRUE","45.6311050653458","Sablefish2015-em_recdev_3-iteration_9"
"Simple","recdev_1","iteration_1","TRUE","3.42454744974772","Simple-em_recdev_1-iteration_1"
"Simple","recdev_1","iteration_10","TRUE","1.8027604341507","Simple-em_recdev_1-iteration_10"
"Simple","recdev_1","iteration_2","TRUE","3.45214745203654","Simple-em_recdev_1-iteration_2"
"Simple","recdev_1","iteration_3","TRUE","1.73629144827525","Simple-em_recdev_1-iteration_3"
"Simple","recdev_1","iteration_4","TRUE","3.1595129330953","Simple-em_recdev_1-iteration_4"
"Simple","recdev_1","iteration_5","TRUE","3.65535828272502","Simple-em_recdev_1-iteration_5"
"Simple","recdev_1","iteration_6","TRUE","3.45575515031815","Simple-em_recdev_1-iteration_6"
"Simple","recdev_1","iteration_7","TRUE","3.43880896965663","Simple-em_recdev_1-iteration_7"
"Simple","recdev_1","iteration_8","TRUE","3.27460736433665","Simple-em_recdev_1-iteration_8"
"Simple","recdev_1","iteration_9","TRUE","3.20843855142593","Simple-em_recdev_1-iteration_9"
"Simple","recdev_2","iteration_1","TRUE","6.55969421863556","Simple-em_recdev_2-iteration_1"
"Simple","recdev_2","iteration_10","TRUE","3.38441231648127","Simple-em_recdev_2-iteration_10"
"Simple","recdev_2","iteration_2","TRUE","6.50930206378301","Simple-em_recdev_2-iteration_2"
"Simple","recdev_2","iteration_3","TRUE","3.11772018273671","Simple-em_recdev_2-iteration_3"
"Simple","recdev_2","iteration_4","TRUE","2.9970631480217","Simple-em_recdev_2-iteration_4"
"Simple","recdev_2","iteration_5","TRUE","2.94921823342641","Simple-em_recdev_2-iteration_5"
"Simple","recdev_2","iteration_6","TRUE","3.49632158279419","Simple-em_recdev_2-iteration_6"
"Simple","recdev_2","iteration_7","TRUE","3.59896751642227","Simple-em_recdev_2-iteration_7"
"Simple","recdev_2","iteration_8","TRUE","3.48768668572108","Simple-em_recdev_2-iteration_8"
"Simple","recdev_2","iteration_9","TRUE","3.46590400139491","Simple-em_recdev_2-iteration_9"
"Simple","recdev_3","iteration_1","TRUE","6.41931888262431","Simple-em_recdev_3-iteration_1"
"Simple","recdev_3","iteration_10","TRUE","3.30298313697179","Simple-em_recdev_3-iteration_10"
"Simple","recdev_3","iteration_2","TRUE","6.9280003507932","Simple-em_recdev_3-iteration_2"
"Simple","recdev_3","iteration_3","TRUE","3.72009893258413","Simple-em_recdev_3-iteration_3"
"Simple","recdev_3","iteration_4","TRUE","3.25406088034312","Simple-em_recdev_3-iteration_4"
"Simple","recdev_3","iteration_5","TRUE","3.15018759965897","Simple-em_recdev_3-iteration_5"
"Simple","recdev_3","iteration_6","TRUE","3.09243368307749","Simple-em_recdev_3-iteration_6"
"Simple","recdev_3","iteration_7","TRUE","3.35178990364075","Simple-em_recdev_3-iteration_7"
"Simple","recdev_3","iteration_8","TRUE","3.41897449890772","Simple-em_recdev_3-iteration_8"
"Simple","recdev_3","iteration_9","TRUE","3.41211123466492","Simple-em_recdev_3-iteration_9"
"Simple_Lorenzen_tv_trend","recdev_1","iteration_1","TRUE","9.58842731714249","Simple_Lorenzen_tv_trend-em_recdev_1-iteration_1"
"Simple_Lorenzen_tv_trend","recdev_1","iteration_10","TRUE","5.92116391658783","Simple_Lorenzen_tv_trend-em_recdev_1-iteration_10"
"Simple_Lorenzen_tv_trend","recdev_1","iteration_2","TRUE","7.38618296384811","Simple_Lorenzen_tv_trend-em_recdev_1-iteration_2"
"Simple_Lorenzen_tv_trend","recdev_1","iteration_3","FALSE","3.54572401444117","Simple_Lorenzen_tv_trend-em_recdev_1-iteration_3"
"Simple_Lorenzen_tv_trend","recdev_1","iteration_4","TRUE","6.5809458176295","Simple_Lorenzen_tv_trend-em_recdev_1-iteration_4"
"Simple_Lorenzen_tv_trend","recdev_1","iteration_5","TRUE","6.77605318228404","Simple_Lorenzen_tv_trend-em_recdev_1-iteration_5"
"Simple_Lorenzen_tv_trend","recdev_1","iteration_6","TRUE","6.09833827018738","Simple_Lorenzen_tv_trend-em_recdev_1-iteration_6"
"Simple_Lorenzen_tv_trend","recdev_1","iteration_7","TRUE","5.54778636693954","Simple_Lorenzen_tv_trend-em_recdev_1-iteration_7"
"Simple_Lorenzen_tv_trend","recdev_1","iteration_8","TRUE","6.38580596446991","Simple_Lorenzen_tv_trend-em_recdev_1-iteration_8"
"Simple_Lorenzen_tv_trend","recdev_1","iteration_9","FALSE","13.8110656658808","Simple_Lorenzen_tv_trend-em_recdev_1-iteration_9"
"Simple_Lorenzen_tv_trend","recdev_2","iteration_1","TRUE","8.19968965053558","Simple_Lorenzen_tv_trend-em_recdev_2-iteration_1"
"Simple_Lorenzen_tv_trend","recdev_2","iteration_10","TRUE","5.0514035820961","Simple_Lorenzen_tv_trend-em_recdev_2-iteration_10"
"Simple_Lorenzen_tv_trend","recdev_2","iteration_2","TRUE","6.17301858266195","Simple_Lorenzen_tv_trend-em_recdev_2-iteration_2"
"Simple_Lorenzen_tv_trend","recdev_2","iteration_3","FALSE","1.99252208471298","Simple_Lorenzen_tv_trend-em_recdev_2-iteration_3"
"Simple_Lorenzen_tv_trend","recdev_2","iteration_4","TRUE","6.67900956869125","Simple_Lorenzen_tv_trend-em_recdev_2-iteration_4"
"Simple_Lorenzen_tv_trend","recdev_2","iteration_5","TRUE","6.81094369888306","Simple_Lorenzen_tv_trend-em_recdev_2-iteration_5"
"Simple_Lorenzen_tv_trend","recdev_2","iteration_6","TRUE","6.62748500108719","Simple_Lorenzen_tv_trend-em_recdev_2-iteration_6"
"Simple_Lorenzen_tv_trend","recdev_2","iteration_7","TRUE","5.86010581652323","Simple_Lorenzen_tv_trend-em_recdev_2-iteration_7"
"Simple_Lorenzen_tv_trend","recdev_2","iteration_8","TRUE","5.12048148314158","Simple_Lorenzen_tv_trend-em_recdev_2-iteration_8"
"Simple_Lorenzen_tv_trend","recdev_2","iteration_9","FALSE","19.5991080482801","Simple_Lorenzen_tv_trend-em_recdev_2-iteration_9"
"Simple_Lorenzen_tv_trend","recdev_3","iteration_1","TRUE","10.3906885345777","Simple_Lorenzen_tv_trend-em_recdev_3-iteration_1"
"Simple_Lorenzen_tv_trend","recdev_3","iteration_10","TRUE","6.71310471693675","Simple_Lorenzen_tv_trend-em_recdev_3-iteration_10"
"Simple_Lorenzen_tv_trend","recdev_3","iteration_2","TRUE","8.4697610338529","Simple_Lorenzen_tv_trend-em_recdev_3-iteration_2"
"Simple_Lorenzen_tv_trend","recdev_3","iteration_3","TRUE","5.5088166475296","Simple_Lorenzen_tv_trend-em_recdev_3-iteration_3"
"Simple_Lorenzen_tv_trend","recdev_3","iteration_4","TRUE","4.67790329853694","Simple_Lorenzen_tv_trend-em_recdev_3-iteration_4"
"Simple_Lorenzen_tv_trend","recdev_3","iteration_5","TRUE","3.78557476600011","Simple_Lorenzen_tv_trend-em_recdev_3-iteration_5"
"Simple_Lorenzen_tv_trend","recdev_3","iteration_6","TRUE","6.69470103184382","Simple_Lorenzen_tv_trend-em_recdev_3-iteration_6"
"Simple_Lorenzen_tv_trend","recdev_3","iteration_7","TRUE","6.77055081923803","Simple_Lorenzen_tv_trend-em_recdev_3-iteration_7"
"Simple_Lorenzen_tv_trend","recdev_3","iteration_8","TRUE","6.54226895173391","Simple_Lorenzen_tv_trend-em_recdev_3-iteration_8"
"Simple_Lorenzen_tv_trend","recdev_3","iteration_9","FALSE","8.08696358203888","Simple_Lorenzen_tv_trend-em_recdev_3-iteration_9"
"Simple_NoCPUE","recdev_1","iteration_1","TRUE","4.68357115189234","Simple_NoCPUE-em_recdev_1-iteration_1"
"Simple_NoCPUE","recdev_1","iteration_10","TRUE","3.118860967954","Simple_NoCPUE-em_recdev_1-iteration_10"
"Simple_NoCPUE","recdev_1","iteration_2","TRUE","6.49092484712601","Simple_NoCPUE-em_recdev_1-iteration_2"
"Simple_NoCPUE","recdev_1","iteration_3","TRUE","2.94048381646474","Simple_NoCPUE-em_recdev_1-iteration_3"
"Simple_NoCPUE","recdev_1","iteration_4","TRUE","2.99038795232773","Simple_NoCPUE-em_recdev_1-iteration_4"
"Simple_NoCPUE","recdev_1","iteration_5","TRUE","2.94235529899597","Simple_NoCPUE-em_recdev_1-iteration_5"
"Simple_NoCPUE","recdev_1","iteration_6","TRUE","2.87551465034485","Simple_NoCPUE-em_recdev_1-iteration_6"
"Simple_NoCPUE","recdev_1","iteration_7","TRUE","3.15748373270035","Simple_NoCPUE-em_recdev_1-iteration_7"
"Simple_NoCPUE","recdev_1","iteration_8","TRUE","3.4691212495168","Simple_NoCPUE-em_recdev_1-iteration_8"
"Simple_NoCPUE","recdev_1","iteration_9","TRUE","3.15163453420003","Simple_NoCPUE-em_recdev_1-iteration_9"
"Simple_NoCPUE","recdev_2","iteration_1","TRUE","6.75411633253097","Simple_NoCPUE-em_recdev_2-iteration_1"
"Simple_NoCPUE","recdev_2","iteration_10","TRUE","2.96625261704127","Simple_NoCPUE-em_recdev_2-iteration_10"
"Simple_NoCPUE","recdev_2","iteration_2","TRUE","5.29446740150452","Simple_NoCPUE-em_recdev_2-iteration_2"
"Simple_NoCPUE","recdev_2","iteration_3","TRUE","2.90250264803569","Simple_NoCPUE-em_recdev_2-iteration_3"
"Simple_NoCPUE","recdev_2","iteration_4","TRUE","3.17738655010859","Simple_NoCPUE-em_recdev_2-iteration_4"
"Simple_NoCPUE","recdev_2","iteration_5","TRUE","3.03890559673309","Simple_NoCPUE-em_recdev_2-iteration_5"
"Simple_NoCPUE","recdev_2","iteration_6","TRUE","3.18722689946493","Simple_NoCPUE-em_recdev_2-iteration_6"
"Simple_NoCPUE","recdev_2","iteration_7","TRUE","3.26845158338547","Simple_NoCPUE-em_recdev_2-iteration_7"
"Simple_NoCPUE","recdev_2","iteration_8","TRUE","3.12847484747569","Simple_NoCPUE-em_recdev_2-iteration_8"
"Simple_NoCPUE","recdev_2","iteration_9","TRUE","3.11297254959742","Simple_NoCPUE-em_recdev_2-iteration_9"
"Simple_NoCPUE","recdev_3","iteration_1","TRUE","6.27102143367132","Simple_NoCPUE-em_recdev_3-iteration_1"
"Simple_NoCPUE","recdev_3","iteration_10","TRUE","2.99458100001017","Simple_NoCPUE-em_recdev_3-iteration_10"
"Simple_NoCPUE","recdev_3","iteration_2","TRUE","5.55604969660441","Simple_NoCPUE-em_recdev_3-iteration_2"
"Simple_NoCPUE","recdev_3","iteration_3","TRUE","2.69143331448237","Simple_NoCPUE-em_recdev_3-iteration_3"
"Simple_NoCPUE","recdev_3","iteration_4","TRUE","2.93225634892782","Simple_NoCPUE-em_recdev_3-iteration_4"
"Simple_NoCPUE","recdev_3","iteration_5","TRUE","3.1277069846789","Simple_NoCPUE-em_recdev_3-iteration_5"
"Simple_NoCPUE","recdev_3","iteration_6","TRUE","3.00599181652069","Simple_NoCPUE-em_recdev_3-iteration_6"
"Simple_NoCPUE","recdev_3","iteration_7","TRUE","3.0569828192393","Simple_NoCPUE-em_recdev_3-iteration_7"
"Simple_NoCPUE","recdev_3","iteration_8","TRUE","3.01580601533254","Simple_NoCPUE-em_recdev_3-iteration_8"
"Simple_NoCPUE","recdev_3","iteration_9","TRUE","2.96071276664734","Simple_NoCPUE-em_recdev_3-iteration_9"
"Simple_with_Discard","recdev_1","iteration_1","TRUE","8.11600996653239","Simple_with_Discard-em_recdev_1-iteration_1"
"Simple_with_Discard","recdev_1","iteration_10","TRUE","4.58139456510544","Simple_with_Discard-em_recdev_1-iteration_10"
"Simple_with_Discard","recdev_1","iteration_2","TRUE","7.54960398276647","Simple_with_Discard-em_recdev_1-iteration_2"
"Simple_with_Discard","recdev_1","iteration_3","TRUE","4.17052485148112","Simple_with_Discard-em_recdev_1-iteration_3"
"Simple_with_Discard","recdev_1","iteration_4","TRUE","3.6485102335612","Simple_with_Discard-em_recdev_1-iteration_4"
"Simple_with_Discard","recdev_1","iteration_5","TRUE","4.10199095010757","Simple_with_Discard-em_recdev_1-iteration_5"
"Simple_with_Discard","recdev_1","iteration_6","TRUE","4.09933234850566","Simple_with_Discard-em_recdev_1-iteration_6"
"Simple_with_Discard","recdev_1","iteration_7","TRUE","4.16443099975586","Simple_with_Discard-em_recdev_1-iteration_7"
"Simple_with_Discard","recdev_1","iteration_8","TRUE","4.17698673009872","Simple_with_Discard-em_recdev_1-iteration_8"
"Simple_with_Discard","recdev_1","iteration_9","TRUE","3.97670581738154","Simple_with_Discard-em_recdev_1-iteration_9"
"Simple_with_Discard","recdev_2","iteration_1","TRUE","6.79185070196788","Simple_with_Discard-em_recdev_2-iteration_1"
"Simple_with_Discard","recdev_2","iteration_10","TRUE","4.83508381446203","Simple_with_Discard-em_recdev_2-iteration_10"
"Simple_with_Discard","recdev_2","iteration_2","TRUE","8.06600556373596","Simple_with_Discard-em_recdev_2-iteration_2"
"Simple_with_Discard","recdev_2","iteration_3","TRUE","4.39246863524119","Simple_with_Discard-em_recdev_2-iteration_3"
"Simple_with_Discard","recdev_2","iteration_4","TRUE","3.95431640148163","Simple_with_Discard-em_recdev_2-iteration_4"
"Simple_with_Discard","recdev_2","iteration_5","TRUE","3.88951870203018","Simple_with_Discard-em_recdev_2-iteration_5"
"Simple_with_Discard","recdev_2","iteration_6","TRUE","3.58130323489507","Simple_with_Discard-em_recdev_2-iteration_6"
"Simple_with_Discard","recdev_2","iteration_7","TRUE","4.34996670087179","Simple_with_Discard-em_recdev_2-iteration_7"
"Simple_with_Discard","recdev_2","iteration_8","TRUE","4.31351898511251","Simple_with_Discard-em_recdev_2-iteration_8"
"Simple_with_Discard","recdev_2","iteration_9","TRUE","4.38147439956665","Simple_with_Discard-em_recdev_2-iteration_9"
"Simple_with_Discard","recdev_3","iteration_1","TRUE","7.63154764970144","Simple_with_Discard-em_recdev_3-iteration_1"
"Simple_with_Discard","recdev_3","iteration_10","TRUE","3.87612121502558","Simple_with_Discard-em_recdev_3-iteration_10"
"Simple_with_Discard","recdev_3","iteration_2","TRUE","8.44581128358841","Simple_with_Discard-em_recdev_3-iteration_2"
"Simple_with_Discard","recdev_3","iteration_3","TRUE","4.68803639809291","Simple_with_Discard-em_recdev_3-iteration_3"
"Simple_with_Discard","recdev_3","iteration_4","TRUE","3.98746661742528","Simple_with_Discard-em_recdev_3-iteration_4"
"Simple_with_Discard","recdev_3","iteration_5","TRUE","4.09988839626312","Simple_with_Discard-em_recdev_3-iteration_5"
"Simple_with_Discard","recdev_3","iteration_6","TRUE","4.01043559710185","Simple_with_Discard-em_recdev_3-iteration_6"
"Simple_with_Discard","recdev_3","iteration_7","TRUE","3.54588136672974","Simple_with_Discard-em_recdev_3-iteration_7"
"Simple_with_Discard","recdev_3","iteration_8","TRUE","4.29992368221283","Simple_with_Discard-em_recdev_3-iteration_8"
"Simple_with_Discard","recdev_3","iteration_9","TRUE","4.39204611778259","Simple_with_Discard-em_recdev_3-iteration_9"
"Simple_with_DM_sizefreq","recdev_1","iteration_1","TRUE","21.4948147972425","Simple_with_DM_sizefreq-em_recdev_1-iteration_1"
"Simple_with_DM_sizefreq","recdev_1","iteration_10","TRUE","11.9048479159673","Simple_with_DM_sizefreq-em_recdev_1-iteration_10"
"Simple_with_DM_sizefreq","recdev_1","iteration_2","TRUE","12.663560116291","Simple_with_DM_sizefreq-em_recdev_1-iteration_2"
"Simple_with_DM_sizefreq","recdev_1","iteration_3","TRUE","8.57699756622315","Simple_with_DM_sizefreq-em_recdev_1-iteration_3"
"Simple_with_DM_sizefreq","recdev_1","iteration_4","TRUE","16.2059434493383","Simple_with_DM_sizefreq-em_recdev_1-iteration_4"
"Simple_with_DM_sizefreq","recdev_1","iteration_5","TRUE","14.5727124849955","Simple_with_DM_sizefreq-em_recdev_1-iteration_5"
"Simple_with_DM_sizefreq","recdev_1","iteration_6","TRUE","10.2852958520253","Simple_with_DM_sizefreq-em_recdev_1-iteration_6"
"Simple_with_DM_sizefreq","recdev_1","iteration_7","TRUE","9.04306803544362","Simple_with_DM_sizefreq-em_recdev_1-iteration_7"
"Simple_with_DM_sizefreq","recdev_1","iteration_8","TRUE","7.95795888503393","Simple_with_DM_sizefreq-em_recdev_1-iteration_8"
"Simple_with_DM_sizefreq","recdev_1","iteration_9","TRUE","8.43132040103277","Simple_with_DM_sizefreq-em_recdev_1-iteration_9"
"Simple_with_DM_sizefreq","recdev_2","iteration_1","TRUE","22.9796862681707","Simple_with_DM_sizefreq-em_recdev_2-iteration_1"
"Simple_with_DM_sizefreq","recdev_2","iteration_10","TRUE","13.7708650986354","Simple_with_DM_sizefreq-em_recdev_2-iteration_10"
"Simple_with_DM_sizefreq","recdev_2","iteration_2","TRUE","12.9033060828845","Simple_with_DM_sizefreq-em_recdev_2-iteration_2"
"Simple_with_DM_sizefreq","recdev_2","iteration_3","TRUE","7.94863718350728","Simple_with_DM_sizefreq-em_recdev_2-iteration_3"
"Simple_with_DM_sizefreq","recdev_2","iteration_4","TRUE","8.30445826848348","Simple_with_DM_sizefreq-em_recdev_2-iteration_4"
"Simple_with_DM_sizefreq","recdev_2","iteration_5","TRUE","15.7448587814967","Simple_with_DM_sizefreq-em_recdev_2-iteration_5"
"Simple_with_DM_sizefreq","recdev_2","iteration_6","TRUE","14.6337230682373","Simple_with_DM_sizefreq-em_recdev_2-iteration_6"
"Simple_with_DM_sizefreq","recdev_2","iteration_8","TRUE","10.4382744153341","Simple_with_DM_sizefreq-em_recdev_2-iteration_8"
"Simple_with_DM_sizefreq","recdev_2","iteration_9","TRUE","9.58834498325984","Simple_with_DM_sizefreq-em_recdev_2-iteration_9"
"Simple_with_DM_sizefreq","recdev_3","iteration_1","TRUE","11.9095015009244","Simple_with_DM_sizefreq-em_recdev_3-iteration_1"
"Simple_with_DM_sizefreq","recdev_3","iteration_10","TRUE","8.29169784784317","Simple_with_DM_sizefreq-em_recdev_3-iteration_10"
"Simple_with_DM_sizefreq","recdev_3","iteration_2","TRUE","23.8847823143005","Simple_with_DM_sizefreq-em_recdev_3-iteration_2"
"Simple_with_DM_sizefreq","recdev_3","iteration_3","TRUE","11.7319249669711","Simple_with_DM_sizefreq-em_recdev_3-iteration_3"
"Simple_with_DM_sizefreq","recdev_3","iteration_4","TRUE","9.7268270333608","Simple_with_DM_sizefreq-em_recdev_3-iteration_4"
"Simple_with_DM_sizefreq","recdev_3","iteration_5","TRUE","9.00890993277232","Simple_with_DM_sizefreq-em_recdev_3-iteration_5"
"Simple_with_DM_sizefreq","recdev_3","iteration_6","TRUE","8.56562730073929","Simple_with_DM_sizefreq-em_recdev_3-iteration_6"
"Simple_with_DM_sizefreq","recdev_3","iteration_7","TRUE","8.4147462328275","Simple_with_DM_sizefreq-em_recdev_3-iteration_7"
"Simple_with_DM_sizefreq","recdev_3","iteration_8","TRUE","14.7220770001411","Simple_with_DM_sizefreq-em_recdev_3-iteration_8"
"Simple_with_DM_sizefreq","recdev_3","iteration_9","TRUE","14.6525221506755","Simple_with_DM_sizefreq-em_recdev_3-iteration_9"
"Spinydogfish_2011","recdev_1","iteration_1","TRUE","14.7791453003883","Spinydogfish_2011-em_recdev_1-iteration_1"
"Spinydogfish_2011","recdev_1","iteration_10","TRUE","10.7659710685412","Spinydogfish_2011-em_recdev_1-iteration_10"
"Spinydogfish_2011","recdev_1","iteration_2","TRUE","11.2388473828634","Spinydogfish_2011-em_recdev_1-iteration_2"
"Spinydogfish_2011","recdev_1","iteration_3","TRUE","20.046584713459","Spinydogfish_2011-em_recdev_1-iteration_3"
"Spinydogfish_2011","recdev_1","iteration_4","TRUE","16.4362411657969","Spinydogfish_2011-em_recdev_1-iteration_4"
"Spinydogfish_2011","recdev_1","iteration_5","TRUE","11.4508843859037","Spinydogfish_2011-em_recdev_1-iteration_5"
"Spinydogfish_2011","recdev_1","iteration_6","TRUE","10.0878250519435","Spinydogfish_2011-em_recdev_1-iteration_6"
"Spinydogfish_2011","recdev_1","iteration_7","TRUE","9.76779791911443","Spinydogfish_2011-em_recdev_1-iteration_7"
"Spinydogfish_2011","recdev_1","iteration_8","TRUE","9.10445223251978","Spinydogfish_2011-em_recdev_1-iteration_8"
"Spinydogfish_2011","recdev_1","iteration_9","TRUE","20.2516839027405","Spinydogfish_2011-em_recdev_1-iteration_9"
"Spinydogfish_2011","recdev_2","iteration_1","TRUE","17.9875002503395","Spinydogfish_2011-em_recdev_2-iteration_1"
"Spinydogfish_2011","recdev_2","iteration_10","TRUE","11.1991594473521","Spinydogfish_2011-em_recdev_2-iteration_10"
"Spinydogfish_2011","recdev_2","iteration_2","TRUE","11.2198861837387","Spinydogfish_2011-em_recdev_2-iteration_2"
"Spinydogfish_2011","recdev_2","iteration_3","TRUE","9.73502368529638","Spinydogfish_2011-em_recdev_2-iteration_3"
"Spinydogfish_2011","recdev_2","iteration_4","TRUE","9.20492356618245","Spinydogfish_2011-em_recdev_2-iteration_4"
"Spinydogfish_2011","recdev_2","iteration_5","TRUE","20.5301369667053","Spinydogfish_2011-em_recdev_2-iteration_5"
"Spinydogfish_2011","recdev_2","iteration_6","TRUE","15.7069884022077","Spinydogfish_2011-em_recdev_2-iteration_6"
"Spinydogfish_2011","recdev_2","iteration_7","TRUE","10.9562456488609","Spinydogfish_2011-em_recdev_2-iteration_7"
"Spinydogfish_2011","recdev_2","iteration_8","TRUE","10.6311324477196","Spinydogfish_2011-em_recdev_2-iteration_8"
"Spinydogfish_2011","recdev_2","iteration_9","TRUE","9.78705628315608","Spinydogfish_2011-em_recdev_2-iteration_9"
"Spinydogfish_2011","recdev_3","iteration_1","TRUE","22.760142882665","Spinydogfish_2011-em_recdev_3-iteration_1"
"Spinydogfish_2011","recdev_3","iteration_10","TRUE","15.5589763005575","Spinydogfish_2011-em_recdev_3-iteration_10"
"Spinydogfish_2011","recdev_3","iteration_2","TRUE","12.6945329825083","Spinydogfish_2011-em_recdev_3-iteration_2"
"Spinydogfish_2011","recdev_3","iteration_3","TRUE","10.0906730850538","Spinydogfish_2011-em_recdev_3-iteration_3"
"Spinydogfish_2011","recdev_3","iteration_4","TRUE","9.55730264981588","Spinydogfish_2011-em_recdev_3-iteration_4"
"Spinydogfish_2011","recdev_3","iteration_5","TRUE","9.3877001841863","Spinydogfish_2011-em_recdev_3-iteration_5"
"Spinydogfish_2011","recdev_3","iteration_6","TRUE","20.4847488005956","Spinydogfish_2011-em_recdev_3-iteration_6"
"Spinydogfish_2011","recdev_3","iteration_7","TRUE","15.5595046679179","Spinydogfish_2011-em_recdev_3-iteration_7"
"Spinydogfish_2011","recdev_3","iteration_8","TRUE","11.6489967823029","Spinydogfish_2011-em_recdev_3-iteration_8"
"Spinydogfish_2011","recdev_3","iteration_9","TRUE","10.61398118337","Spinydogfish_2011-em_recdev_3-iteration_9"
"tagging_mirrored_sel","recdev_1","iteration_1","TRUE","4.58502666552862","tagging_mirrored_sel-em_recdev_1-iteration_1"
"tagging_mirrored_sel","recdev_1","iteration_10","TRUE","3.26159718434016","tagging_mirrored_sel-em_recdev_1-iteration_10"
"tagging_mirrored_sel","recdev_1","iteration_2","TRUE","10.1373402317365","tagging_mirrored_sel-em_recdev_1-iteration_2"
"tagging_mirrored_sel","recdev_1","iteration_3","TRUE","6.45642824967702","tagging_mirrored_sel-em_recdev_1-iteration_3"
"tagging_mirrored_sel","recdev_1","iteration_4","TRUE","5.96093038320541","tagging_mirrored_sel-em_recdev_1-iteration_4"
"tagging_mirrored_sel","recdev_1","iteration_5","TRUE","5.79798196554184","tagging_mirrored_sel-em_recdev_1-iteration_5"
"tagging_mirrored_sel","recdev_1","iteration_6","TRUE","5.14265391429265","tagging_mirrored_sel-em_recdev_1-iteration_6"
"tagging_mirrored_sel","recdev_1","iteration_7","TRUE","4.12249120076497","tagging_mirrored_sel-em_recdev_1-iteration_7"
"tagging_mirrored_sel","recdev_1","iteration_8","TRUE","6.75435596704483","tagging_mirrored_sel-em_recdev_1-iteration_8"
"tagging_mirrored_sel","recdev_1","iteration_9","TRUE","6.75056959788005","tagging_mirrored_sel-em_recdev_1-iteration_9"
"tagging_mirrored_sel","recdev_2","iteration_1","TRUE","8.58348381519318","tagging_mirrored_sel-em_recdev_2-iteration_1"
"tagging_mirrored_sel","recdev_2","iteration_10","TRUE","5.8717099348704","tagging_mirrored_sel-em_recdev_2-iteration_10"
"tagging_mirrored_sel","recdev_2","iteration_2","TRUE","7.085693248113","tagging_mirrored_sel-em_recdev_2-iteration_2"
"tagging_mirrored_sel","recdev_2","iteration_3","TRUE","6.84242741664251","tagging_mirrored_sel-em_recdev_2-iteration_3"
"tagging_mirrored_sel","recdev_2","iteration_4","TRUE","6.39173924922943","tagging_mirrored_sel-em_recdev_2-iteration_4"
"tagging_mirrored_sel","recdev_2","iteration_5","TRUE","6.4778257171313","tagging_mirrored_sel-em_recdev_2-iteration_5"
"tagging_mirrored_sel","recdev_2","iteration_6","TRUE","5.75720369815826","tagging_mirrored_sel-em_recdev_2-iteration_6"
"tagging_mirrored_sel","recdev_2","iteration_7","TRUE","5.178600080808","tagging_mirrored_sel-em_recdev_2-iteration_7"
"tagging_mirrored_sel","recdev_2","iteration_8","TRUE","4.98733673493067","tagging_mirrored_sel-em_recdev_2-iteration_8"
"tagging_mirrored_sel","recdev_2","iteration_9","TRUE","6.5982010324796","tagging_mirrored_sel-em_recdev_2-iteration_9"
"tagging_mirrored_sel","recdev_3","iteration_1","TRUE","10.4444269140561","tagging_mirrored_sel-em_recdev_3-iteration_1"
"tagging_mirrored_sel","recdev_3","iteration_10","TRUE","6.39522091547648","tagging_mirrored_sel-em_recdev_3-iteration_10"
"tagging_mirrored_sel","recdev_3","iteration_2","TRUE","7.54222021897634","tagging_mirrored_sel-em_recdev_3-iteration_2"
"tagging_mirrored_sel","recdev_3","iteration_3","TRUE","5.04007978439331","tagging_mirrored_sel-em_recdev_3-iteration_3"
"tagging_mirrored_sel","recdev_3","iteration_4","TRUE","4.06025278170904","tagging_mirrored_sel-em_recdev_3-iteration_4"
"tagging_mirrored_sel","recdev_3","iteration_5","TRUE","6.91583609978358","tagging_mirrored_sel-em_recdev_3-iteration_5"
"tagging_mirrored_sel","recdev_3","iteration_6","TRUE","6.47014549970627","tagging_mirrored_sel-em_recdev_3-iteration_6"
"tagging_mirrored_sel","recdev_3","iteration_7","TRUE","6.08213983376821","tagging_mirrored_sel-em_recdev_3-iteration_7"
"tagging_mirrored_sel","recdev_3","iteration_8","TRUE","5.86841423114141","tagging_mirrored_sel-em_recdev_3-iteration_8"
"tagging_mirrored_sel","recdev_3","iteration_9","TRUE","5.24072596629461","tagging_mirrored_sel-em_recdev_3-iteration_9"
"three_area_nomove","recdev_1","iteration_1","TRUE","11.8946718335152","three_area_nomove-em_recdev_1-iteration_1"
"three_area_nomove","recdev_1","iteration_10","TRUE","6.86325128475825","three_area_nomove-em_recdev_1-iteration_10"
"three_area_nomove","recdev_1","iteration_2","TRUE","10.0249236345291","three_area_nomove-em_recdev_1-iteration_2"
"three_area_nomove","recdev_1","iteration_3","TRUE","5.63517453670502","three_area_nomove-em_recdev_1-iteration_3"
"three_area_nomove","recdev_1","iteration_4","TRUE","4.45946040153503","three_area_nomove-em_recdev_1-iteration_4"
"three_area_nomove","recdev_1","iteration_5","TRUE","3.82298506895701","three_area_nomove-em_recdev_1-iteration_5"
"three_area_nomove","recdev_1","iteration_6","TRUE","7.00072751839956","three_area_nomove-em_recdev_1-iteration_6"
"three_area_nomove","recdev_1","iteration_7","TRUE","6.97994498411814","three_area_nomove-em_recdev_1-iteration_7"
"three_area_nomove","recdev_1","iteration_8","TRUE","6.43879389762878","three_area_nomove-em_recdev_1-iteration_8"
"three_area_nomove","recdev_1","iteration_9","TRUE","6.25100322961807","three_area_nomove-em_recdev_1-iteration_9"
"three_area_nomove","recdev_2","iteration_1","TRUE","8.84081353346507","three_area_nomove-em_recdev_2-iteration_1"
"three_area_nomove","recdev_2","iteration_10","TRUE","4.36711853345235","three_area_nomove-em_recdev_2-iteration_10"
"three_area_nomove","recdev_2","iteration_2","TRUE","13.0557098348935","three_area_nomove-em_recdev_2-iteration_2"
"three_area_nomove","recdev_2","iteration_3","TRUE","6.63051733175914","three_area_nomove-em_recdev_2-iteration_3"
"three_area_nomove","recdev_2","iteration_4","TRUE","6.23920091787974","three_area_nomove-em_recdev_2-iteration_4"
"three_area_nomove","recdev_2","iteration_5","TRUE","5.43865308364232","three_area_nomove-em_recdev_2-iteration_5"
"three_area_nomove","recdev_2","iteration_6","TRUE","5.14908013343811","three_area_nomove-em_recdev_2-iteration_6"
"three_area_nomove","recdev_2","iteration_7","TRUE","7.02394726673762","three_area_nomove-em_recdev_2-iteration_7"
"three_area_nomove","recdev_2","iteration_8","TRUE","6.91486990054448","three_area_nomove-em_recdev_2-iteration_8"
"three_area_nomove","recdev_2","iteration_9","TRUE","6.62559106747309","three_area_nomove-em_recdev_2-iteration_9"
"three_area_nomove","recdev_3","iteration_1","TRUE","9.57618166605632","three_area_nomove-em_recdev_3-iteration_1"
"three_area_nomove","recdev_3","iteration_10","TRUE","5.36540224949519","three_area_nomove-em_recdev_3-iteration_10"
"three_area_nomove","recdev_3","iteration_2","TRUE","6.58363786538442","three_area_nomove-em_recdev_3-iteration_2"
"three_area_nomove","recdev_3","iteration_3","TRUE","6.88322878281275","three_area_nomove-em_recdev_3-iteration_3"
"three_area_nomove","recdev_3","iteration_4","TRUE","6.96846801439921","three_area_nomove-em_recdev_3-iteration_4"
"three_area_nomove","recdev_3","iteration_5","TRUE","6.72811371485392","three_area_nomove-em_recdev_3-iteration_5"
"three_area_nomove","recdev_3","iteration_6","TRUE","6.22451434930166","three_area_nomove-em_recdev_3-iteration_6"
"three_area_nomove","recdev_3","iteration_7","TRUE","5.29763666788737","three_area_nomove-em_recdev_3-iteration_7"
"three_area_nomove","recdev_3","iteration_8","TRUE","5.00415889819463","three_area_nomove-em_recdev_3-iteration_8"
"three_area_nomove","recdev_3","iteration_9","TRUE","6.86067345142365","three_area_nomove-em_recdev_3-iteration_9"
"two_morph_seas_areas","recdev_1","iteration_1","TRUE","17.7942668517431","two_morph_seas_areas-em_recdev_1-iteration_1"
"two_morph_seas_areas","recdev_1","iteration_10","TRUE","11.3849972168605","two_morph_seas_areas-em_recdev_1-iteration_10"
"two_morph_seas_areas","recdev_1","iteration_2","TRUE","10.6012324531873","two_morph_seas_areas-em_recdev_1-iteration_2"
"two_morph_seas_areas","recdev_1","iteration_3","TRUE","7.26459120114644","two_morph_seas_areas-em_recdev_1-iteration_3"
"two_morph_seas_areas","recdev_1","iteration_4","TRUE","13.9685635685921","two_morph_seas_areas-em_recdev_1-iteration_4"
"two_morph_seas_areas","recdev_1","iteration_5","TRUE","13.3068086504936","two_morph_seas_areas-em_recdev_1-iteration_5"
"two_morph_seas_areas","recdev_1","iteration_6","TRUE","10.3025833686193","two_morph_seas_areas-em_recdev_1-iteration_6"
"two_morph_seas_areas","recdev_1","iteration_7","TRUE","7.96332233349482","two_morph_seas_areas-em_recdev_1-iteration_7"
"two_morph_seas_areas","recdev_1","iteration_8","TRUE","7.5060027996699","two_morph_seas_areas-em_recdev_1-iteration_8"
"two_morph_seas_areas","recdev_1","iteration_9","TRUE","7.16183581749598","two_morph_seas_areas-em_recdev_1-iteration_9"
"two_morph_seas_areas","recdev_2","iteration_1","TRUE","19.1787004669507","two_morph_seas_areas-em_recdev_2-iteration_1"
"two_morph_seas_areas","recdev_2","iteration_10","TRUE","11.8141748348872","two_morph_seas_areas-em_recdev_2-iteration_10"
"two_morph_seas_areas","recdev_2","iteration_2","TRUE","12.0081284165382","two_morph_seas_areas-em_recdev_2-iteration_2"
"two_morph_seas_areas","recdev_2","iteration_3","TRUE","7.45734778642654","two_morph_seas_areas-em_recdev_2-iteration_3"
"two_morph_seas_areas","recdev_2","iteration_4","TRUE","7.28234166701635","two_morph_seas_areas-em_recdev_2-iteration_4"
"two_morph_seas_areas","recdev_2","iteration_5","TRUE","7.30067261457443","two_morph_seas_areas-em_recdev_2-iteration_5"
"two_morph_seas_areas","recdev_2","iteration_6","TRUE","14.274615752697","two_morph_seas_areas-em_recdev_2-iteration_6"
"two_morph_seas_areas","recdev_2","iteration_7","TRUE","12.7603739500046","two_morph_seas_areas-em_recdev_2-iteration_7"
"two_morph_seas_areas","recdev_2","iteration_8","TRUE","10.2798521995544","two_morph_seas_areas-em_recdev_2-iteration_8"
"two_morph_seas_areas","recdev_2","iteration_9","TRUE","8.3878700653712","two_morph_seas_areas-em_recdev_2-iteration_9"
"two_morph_seas_areas","recdev_3","iteration_1","TRUE","10.3584708333015","two_morph_seas_areas-em_recdev_3-iteration_1"
"two_morph_seas_areas","recdev_3","iteration_10","TRUE","7.12007429997126","two_morph_seas_areas-em_recdev_3-iteration_10"
"two_morph_seas_areas","recdev_3","iteration_2","TRUE","18.4930423140526","two_morph_seas_areas-em_recdev_3-iteration_2"
"two_morph_seas_areas","recdev_3","iteration_3","TRUE","12.0165919820468","two_morph_seas_areas-em_recdev_3-iteration_3"
"two_morph_seas_areas","recdev_3","iteration_4","TRUE","9.75842224756877","two_morph_seas_areas-em_recdev_3-iteration_4"
"two_morph_seas_areas","recdev_3","iteration_5","TRUE","7.59781266848246","two_morph_seas_areas-em_recdev_3-iteration_5"
"two_morph_seas_areas","recdev_3","iteration_6","TRUE","7.63246428171794","two_morph_seas_areas-em_recdev_3-iteration_6"
"two_morph_seas_areas","recdev_3","iteration_7","TRUE","13.716933298111","two_morph_seas_areas-em_recdev_3-iteration_7"
"two_morph_seas_areas","recdev_3","iteration_8","TRUE","12.8865646998088","two_morph_seas_areas-em_recdev_3-iteration_8"
"two_morph_seas_areas","recdev_3","iteration_9","TRUE","10.6635021964709","two_morph_seas_areas-em_recdev_3-iteration_9"
"vermillion_snapper","recdev_1","iteration_1","TRUE","4.60812138319015","vermillion_snapper-em_recdev_1-iteration_1"
"vermillion_snapper","recdev_1","iteration_10","TRUE","3.24335968097051","vermillion_snapper-em_recdev_1-iteration_10"
"vermillion_snapper","recdev_1","iteration_2","TRUE","4.51203091541926","vermillion_snapper-em_recdev_1-iteration_2"
"vermillion_snapper","recdev_1","iteration_3","TRUE","6.78427338600159","vermillion_snapper-em_recdev_1-iteration_3"
"vermillion_snapper","recdev_1","iteration_4","TRUE","6.7948602994283","vermillion_snapper-em_recdev_1-iteration_4"
"vermillion_snapper","recdev_1","iteration_5","TRUE","6.36231575012207","vermillion_snapper-em_recdev_1-iteration_5"
"vermillion_snapper","recdev_1","iteration_6","TRUE","5.78341774940491","vermillion_snapper-em_recdev_1-iteration_6"
"vermillion_snapper","recdev_1","iteration_7","TRUE","5.11316083272298","vermillion_snapper-em_recdev_1-iteration_7"
"vermillion_snapper","recdev_1","iteration_8","TRUE","4.66104853550593","vermillion_snapper-em_recdev_1-iteration_8"
"vermillion_snapper","recdev_1","iteration_9","TRUE","6.7734895825386","vermillion_snapper-em_recdev_1-iteration_9"
"vermillion_snapper","recdev_2","iteration_1","TRUE","8.57354611555735","vermillion_snapper-em_recdev_2-iteration_1"
"vermillion_snapper","recdev_2","iteration_10","TRUE","6.43472350041072","vermillion_snapper-em_recdev_2-iteration_10"
"vermillion_snapper","recdev_2","iteration_2","TRUE","6.74582980076472","vermillion_snapper-em_recdev_2-iteration_2"
"vermillion_snapper","recdev_2","iteration_3","TRUE","4.75172563393911","vermillion_snapper-em_recdev_2-iteration_3"
"vermillion_snapper","recdev_2","iteration_4","TRUE","6.9669450322787","vermillion_snapper-em_recdev_2-iteration_4"
"vermillion_snapper","recdev_2","iteration_5","TRUE","6.69431291818619","vermillion_snapper-em_recdev_2-iteration_5"
"vermillion_snapper","recdev_2","iteration_6","TRUE","6.26078466574351","vermillion_snapper-em_recdev_2-iteration_6"
"vermillion_snapper","recdev_2","iteration_7","TRUE","5.89095143079758","vermillion_snapper-em_recdev_2-iteration_7"
"vermillion_snapper","recdev_2","iteration_8","TRUE","5.10674543380737","vermillion_snapper-em_recdev_2-iteration_8"
"vermillion_snapper","recdev_2","iteration_9","TRUE","4.83429631789525","vermillion_snapper-em_recdev_2-iteration_9"
"vermillion_snapper","recdev_3","iteration_1","TRUE","8.42521106402079","vermillion_snapper-em_recdev_3-iteration_1"
"vermillion_snapper","recdev_3","iteration_10","TRUE","6.59703445037206","vermillion_snapper-em_recdev_3-iteration_10"
"vermillion_snapper","recdev_3","iteration_2","TRUE","7.37246003548304","vermillion_snapper-em_recdev_3-iteration_2"
"vermillion_snapper","recdev_3","iteration_3","TRUE","5.52838713328044","vermillion_snapper-em_recdev_3-iteration_3"
"vermillion_snapper","recdev_3","iteration_4","TRUE","4.8464120666186","vermillion_snapper-em_recdev_3-iteration_4"
"vermillion_snapper","recdev_3","iteration_5","TRUE","4.22106873194377","vermillion_snapper-em_recdev_3-iteration_5"
"vermillion_snapper","recdev_3","iteration_6","TRUE","6.67461285193761","vermillion_snapper-em_recdev_3-iteration_6"
"vermillion_snapper","recdev_3","iteration_7","TRUE","6.77435643275579","vermillion_snapper-em_recdev_3-iteration_7"
"vermillion_snapper","recdev_3","iteration_8","TRUE","6.28692693312963","vermillion_snapper-em_recdev_3-iteration_8"
"vermillion_snapper","recdev_3","iteration_9","TRUE","5.80963251590729","vermillion_snapper-em_recdev_3-iteration_9"
"vermillion_snapper_F4","recdev_1","iteration_1","TRUE","6.09672816991806","vermillion_snapper_F4-em_recdev_1-iteration_1"
"vermillion_snapper_F4","recdev_1","iteration_10","TRUE","6.63647739887238","vermillion_snapper_F4-em_recdev_1-iteration_10"
"vermillion_snapper_F4","recdev_1","iteration_2","TRUE","8.41068291664124","vermillion_snapper_F4-em_recdev_1-iteration_2"
"vermillion_snapper_F4","recdev_1","iteration_3","TRUE","6.26609505017599","vermillion_snapper_F4-em_recdev_1-iteration_3"
"vermillion_snapper_F4","recdev_1","iteration_4","TRUE","5.45313909848531","vermillion_snapper_F4-em_recdev_1-iteration_4"
"vermillion_snapper_F4","recdev_1","iteration_5","TRUE","4.93326356808345","vermillion_snapper_F4-em_recdev_1-iteration_5"
"vermillion_snapper_F4","recdev_1","iteration_6","TRUE","4.24647101561228","vermillion_snapper_F4-em_recdev_1-iteration_6"
"vermillion_snapper_F4","recdev_1","iteration_7","TRUE","6.59374108314514","vermillion_snapper_F4-em_recdev_1-iteration_7"
"vermillion_snapper_F4","recdev_1","iteration_8","TRUE","6.56944841941198","vermillion_snapper_F4-em_recdev_1-iteration_8"
"vermillion_snapper_F4","recdev_1","iteration_9","TRUE","6.27373258272807","vermillion_snapper_F4-em_recdev_1-iteration_9"
"vermillion_snapper_F4","recdev_2","iteration_1","TRUE","6.81132783492406","vermillion_snapper_F4-em_recdev_2-iteration_1"
"vermillion_snapper_F4","recdev_2","iteration_10","TRUE","5.00913623174032","vermillion_snapper_F4-em_recdev_2-iteration_10"
"vermillion_snapper_F4","recdev_2","iteration_2","TRUE","5.55056983232498","vermillion_snapper_F4-em_recdev_2-iteration_2"
"vermillion_snapper_F4","recdev_2","iteration_3","TRUE","6.65146350065867","vermillion_snapper_F4-em_recdev_2-iteration_3"
"vermillion_snapper_F4","recdev_2","iteration_4","TRUE","6.65066458384196","vermillion_snapper_F4-em_recdev_2-iteration_4"
"vermillion_snapper_F4","recdev_2","iteration_5","TRUE","6.11674321492513","vermillion_snapper_F4-em_recdev_2-iteration_5"
"vermillion_snapper_F4","recdev_2","iteration_6","TRUE","5.62166618108749","vermillion_snapper_F4-em_recdev_2-iteration_6"
"vermillion_snapper_F4","recdev_2","iteration_7","TRUE","5.1025454322497","vermillion_snapper_F4-em_recdev_2-iteration_7"
"vermillion_snapper_F4","recdev_2","iteration_8","TRUE","6.74399943351746","vermillion_snapper_F4-em_recdev_2-iteration_8"
"vermillion_snapper_F4","recdev_2","iteration_9","TRUE","6.64715263048808","vermillion_snapper_F4-em_recdev_2-iteration_9"
"vermillion_snapper_F4","recdev_3","iteration_1","TRUE","7.57597681681315","vermillion_snapper_F4-em_recdev_3-iteration_1"
"vermillion_snapper_F4","recdev_3","iteration_10","TRUE","5.52739239931107","vermillion_snapper_F4-em_recdev_3-iteration_10"
"vermillion_snapper_F4","recdev_3","iteration_2","TRUE","6.40164053440094","vermillion_snapper_F4-em_recdev_3-iteration_2"
"vermillion_snapper_F4","recdev_3","iteration_3","TRUE","4.40314921538035","vermillion_snapper_F4-em_recdev_3-iteration_3"
"vermillion_snapper_F4","recdev_3","iteration_4","TRUE","6.81474831501643","vermillion_snapper_F4-em_recdev_3-iteration_4"
"vermillion_snapper_F4","recdev_3","iteration_5","TRUE","6.63709548314412","vermillion_snapper_F4-em_recdev_3-iteration_5"
"vermillion_snapper_F4","recdev_3","iteration_6","TRUE","6.02675319910049","vermillion_snapper_F4-em_recdev_3-iteration_6"
"vermillion_snapper_F4","recdev_3","iteration_7","TRUE","5.561163965861","vermillion_snapper_F4-em_recdev_3-iteration_7"
"vermillion_snapper_F4","recdev_3","iteration_8","TRUE","5.01776386896769","vermillion_snapper_F4-em_recdev_3-iteration_8"
"vermillion_snapper_F4","recdev_3","iteration_9","TRUE","4.45922270218531","vermillion_snapper_F4-em_recdev_3-iteration_9"
